{"format": "layers-model", "generatedBy": "keras v2.8.0", "convertedBy": "TensorFlow.js Converter v3.15.0", "modelTopology": {"keras_version": "2.8.0", "backend": "tensorflow", "model_config": {"class_name": "Functional", "config": {"name": "model", "layers": [{"class_name": "InputLayer", "config": {"batch_input_shape": [null, 100], "dtype": "float32", "sparse": false, "ragged": false, "name": "input_1"}, "name": "input_1", "inbound_nodes": []}, {"class_name": "Embedding", "config": {"name": "embedding", "trainable": false, "batch_input_shape": [null, 100], "dtype": "float32", "input_dim": 20000, "output_dim": 50, "embeddings_initializer": {"class_name": "RandomUniform", "config": {"minval": -0.05, "maxval": 0.05, "seed": null}}, "embeddings_regularizer": null, "activity_regularizer": null, "embeddings_constraint": null, "mask_zero": false, "input_length": 100}, "name": "embedding", "inbound_nodes": [[["input_1", 0, 0, {}]]]}, {"class_name": "Conv1D", "config": {"name": "conv1d", "trainable": true, "dtype": "float32", "filters": 128, "kernel_size": [3], "strides": [1], "padding": "valid", "data_format": "channels_last", "dilation_rate": [1], "groups": 1, "activation": "relu", "use_bias": true, "kernel_initializer": {"class_name": "GlorotUniform", "config": {"seed": null}}, "bias_initializer": {"class_name": "Zeros", "config": {}}, "kernel_regularizer": null, "bias_regularizer": null, "activity_regularizer": null, "kernel_constraint": null, "bias_constraint": null}, "name": "conv1d", "inbound_nodes": [[["embedding", 0, 0, {}]]]}, {"class_name": "MaxPooling1D", "config": {"name": "max_pooling1d", "trainable": true, "dtype": "float32", "strides": [3], "pool_size": [3], "padding": "valid", "data_format": "channels_last"}, "name": "max_pooling1d", "inbound_nodes": [[["conv1d", 0, 0, {}]]]}, {"class_name": "Conv1D", "config": {"name": "conv1d_1", "trainable": true, "dtype": "float32", "filters": 128, "kernel_size": [3], "strides": [1], "padding": "valid", "data_format": "channels_last", "dilation_rate": [1], "groups": 1, "activation": "relu", "use_bias": true, "kernel_initializer": {"class_name": "GlorotUniform", "config": {"seed": null}}, "bias_initializer": {"class_name": "Zeros", "config": {}}, "kernel_regularizer": null, "bias_regularizer": null, "activity_regularizer": null, "kernel_constraint": null, "bias_constraint": null}, "name": "conv1d_1", "inbound_nodes": [[["max_pooling1d", 0, 0, {}]]]}, {"class_name": "MaxPooling1D", "config": {"name": "max_pooling1d_1", "trainable": true, "dtype": "float32", "strides": [3], "pool_size": [3], "padding": "valid", "data_format": "channels_last"}, "name": "max_pooling1d_1", "inbound_nodes": [[["conv1d_1", 0, 0, {}]]]}, {"class_name": "Conv1D", "config": {"name": "conv1d_2", "trainable": true, "dtype": "float32", "filters": 128, "kernel_size": [3], "strides": [1], "padding": "valid", "data_format": "channels_last", "dilation_rate": [1], "groups": 1, "activation": "relu", "use_bias": true, "kernel_initializer": {"class_name": "GlorotUniform", "config": {"seed": null}}, "bias_initializer": {"class_name": "Zeros", "config": {}}, "kernel_regularizer": null, "bias_regularizer": null, "activity_regularizer": null, "kernel_constraint": null, "bias_constraint": null}, "name": "conv1d_2", "inbound_nodes": [[["max_pooling1d_1", 0, 0, {}]]]}, {"class_name": "GlobalMaxPooling1D", "config": {"name": "global_max_pooling1d", "trainable": true, "dtype": "float32", "data_format": "channels_last", "keepdims": false}, "name": "global_max_pooling1d", "inbound_nodes": [[["conv1d_2", 0, 0, {}]]]}, {"class_name": "Dense", "config": {"name": "dense", "trainable": true, "dtype": "float32", "units": 128, "activation": "relu", "use_bias": true, "kernel_initializer": {"class_name": "GlorotUniform", "config": {"seed": null}}, "bias_initializer": {"class_name": "Zeros", "config": {}}, "kernel_regularizer": null, "bias_regularizer": null, "activity_regularizer": null, "kernel_constraint": null, "bias_constraint": null}, "name": "dense", "inbound_nodes": [[["global_max_pooling1d", 0, 0, {}]]]}, {"class_name": "Dense", "config": {"name": "dense_1", "trainable": true, "dtype": "float32", "units": 6, "activation": "sigmoid", "use_bias": true, "kernel_initializer": {"class_name": "GlorotUniform", "config": {"seed": null}}, "bias_initializer": {"class_name": "Zeros", "config": {}}, "kernel_regularizer": null, "bias_regularizer": null, "activity_regularizer": null, "kernel_constraint": null, "bias_constraint": null}, "name": "dense_1", "inbound_nodes": [[["dense", 0, 0, {}]]]}], "input_layers": [["input_1", 0, 0]], "output_layers": [["dense_1", 0, 0]]}}, "training_config": {"loss": "binary_crossentropy", "metrics": [[{"class_name": "MeanMetricWrapper", "config": {"name": "accuracy", "dtype": "float32", "fn": "categorical_accuracy"}}]], "weighted_metrics": null, "loss_weights": null, "optimizer_config": {"class_name": "RMSprop", "config": {"name": "RMSprop", "learning_rate": 0.0010000000474974513, "decay": 0.0, "rho": 0.8999999761581421, "momentum": 0.0, "epsilon": 1e-07, "centered": false}}}}, "weightsManifest": [{"paths": ["group1-shard1of2.bin", "group1-shard2of2.bin"], "weights": [{"name": "conv1d/kernel", "shape": [3, 50, 128], "dtype": "float32"}, {"name": "conv1d/bias", "shape": [128], "dtype": "float32"}, {"name": "conv1d_1/kernel", "shape": [3, 128, 128], "dtype": "float32"}, {"name": "conv1d_1/bias", "shape": [128], "dtype": "float32"}, {"name": "conv1d_2/kernel", "shape": [3, 128, 128], "dtype": "float32"}, {"name": "conv1d_2/bias", "shape": [128], "dtype": "float32"}, {"name": "dense/kernel", "shape": [128, 128], "dtype": "float32"}, {"name": "dense/bias", "shape": [128], "dtype": "float32"}, {"name": "dense_1/kernel", "shape": [128, 6], "dtype": "float32"}, {"name": "dense_1/bias", "shape": [6], "dtype": "float32"}, {"name": "embedding/embeddings", "shape": [20000, 50], "dtype": "float32"}]}]}